{"cameraMode":{"drawMode":0,"name":"Shaded","section":"Shading Mode"},"sceneLighting":true,"audioPlay":false,"sceneViewState":{"m_AlwaysRefresh":false,"showFog":true,"showSkybox":true,"showFlares":true,"showImageEffects":true,"showParticleSystems":true,"showVisualEffectGraphs":true,"m_FxEnabled":true},"in2DMode":false,"pivot":{"x":-0.03055746667087078,"y":-0.28481805324554446,"z":-1.6731089353561402},"rotation":{"x":0.1327691525220871,"y":-0.6949340105056763,"z":0.13292914628982545,"w":0.6940985918045044},"size":5.224080562591553,"orthographic":false}