{"cameraMode":{"drawMode":0,"name":"Shaded","section":"Shading Mode"},"sceneLighting":true,"audioPlay":false,"sceneViewState":{"m_AlwaysRefresh":false,"showFog":true,"showSkybox":true,"showFlares":true,"showImageEffects":true,"showParticleSystems":true,"showVisualEffectGraphs":true,"m_FxEnabled":true},"in2DMode":false,"pivot":{"x":-0.0712122917175293,"y":-0.06776142120361328,"z":0.12015438079833985},"rotation":{"x":-0.08956708014011383,"y":0.8967047929763794,"z":-0.21261680126190186,"w":-0.3777464032173157},"size":5.458204746246338,"orthographic":false}