{"cameraMode":{"drawMode":0,"name":"Shaded","section":"Shading Mode"},"sceneLighting":true,"audioPlay":false,"sceneViewState":{"m_AlwaysRefresh":false,"showFog":true,"showSkybox":true,"showFlares":true,"showImageEffects":true,"showParticleSystems":true,"showVisualEffectGraphs":true,"m_FxEnabled":true},"in2DMode":false,"pivot":{"x":-6.098793029785156,"y":-7.8652191162109379,"z":3.3924450874328615},"rotation":{"x":0.26299357414245608,"y":-0.46910837292671206,"z":0.14866548776626588,"w":0.8298686146736145},"size":13.038498878479004,"orthographic":false}