{"cameraMode":{"drawMode":0,"name":"Shaded","section":"Shading Mode"},"sceneLighting":true,"audioPlay":false,"sceneViewState":{"m_AlwaysRefresh":false,"showFog":true,"showSkybox":true,"showFlares":true,"showImageEffects":true,"showParticleSystems":true,"showVisualEffectGraphs":true,"m_FxEnabled":true},"in2DMode":false,"pivot":{"x":5.071253299713135,"y":2.2603368759155275,"z":-1.6562848091125489},"rotation":{"x":0.14233162999153138,"y":-0.7442523837089539,"z":0.16799388825893403,"w":0.6305708289146423},"size":1.6671011447906495,"orthographic":false}