{"cameraMode":{"drawMode":0,"name":"Shaded","section":"Shading Mode"},"sceneLighting":true,"audioPlay":false,"sceneViewState":{"m_AlwaysRefresh":false,"showFog":true,"showSkybox":true,"showFlares":true,"showImageEffects":true,"showParticleSystems":true,"showVisualEffectGraphs":true,"m_FxEnabled":true},"in2DMode":false,"pivot":{"x":0.9374605417251587,"y":0.021012965589761735,"z":-1.5302435159683228},"rotation":{"x":0.14289484918117524,"y":-0.7373620271682739,"z":0.16480907797813416,"w":0.6393131017684937},"size":5.234541416168213,"orthographic":false}