{"cameraMode":{"drawMode":0,"name":"Shaded","section":"Shading Mode"},"sceneLighting":true,"audioPlay":false,"sceneViewState":{"m_AlwaysRefresh":false,"showFog":true,"showSkybox":true,"showFlares":true,"showImageEffects":true,"showParticleSystems":true,"showVisualEffectGraphs":true,"m_FxEnabled":true},"in2DMode":false,"pivot":{"x":0.23333588242530824,"y":0.4539557099342346,"z":-3.5132081508636476},"rotation":{"x":0.16763915121555329,"y":-0.6563421487808228,"z":0.1529150754213333,"w":0.7195374965667725},"size":5.234541416168213,"orthographic":false}